iso3c,year,population
AFG,2002,21487079
AFG,2003,22507368
AFG,2004,23499850
AFG,2005,24399948
AFG,2006,25183615
AFG,2007,25877544
AFG,2008,26528741
AFG,2009,27207291
AFG,2010,27962207
AFG,2011,28809167
AFG,2012,29726803
AFG,2013,30682500
AFG,2014,31627506
ALB,2002,3051010
ALB,2003,3039616
ALB,2004,3026939
ALB,2005,3011487
ALB,2006,2992547
ALB,2007,2970017
ALB,2008,2947314
ALB,2009,2927519
ALB,2010,2913021
ALB,2011,2904780
ALB,2012,2900247
ALB,2013,2896652
ALB,2014,2893654
DZA,2002,31990387
DZA,2003,32394886
DZA,2004,32817225
DZA,2005,33267887
DZA,2006,33749328
DZA,2007,34261971
DZA,2008,34811059
DZA,2009,35401790
DZA,2010,36036159
DZA,2011,36717132
DZA,2012,37439427
DZA,2013,38186135
DZA,2014,38934334
AGO,2002,16109696
AGO,2003,16691395
AGO,2004,17295500
AGO,2005,17912942
AGO,2006,18541467
AGO,2007,19183907
AGO,2008,19842251
AGO,2009,20520103
AGO,2010,21219954
AGO,2011,21942296
AGO,2012,22685632
AGO,2013,23448202
AGO,2014,24227524
ATG,2002,80030
ATG,2003,80904
ATG,2004,81718
ATG,2005,82565
ATG,2006,83467
ATG,2007,84397
ATG,2008,85350
ATG,2009,86300
ATG,2010,87233
ATG,2011,88152
ATG,2012,89069
ATG,2013,89985
ATG,2014,90900
ARG,2002,37889443
ARG,2003,38309475
ARG,2004,38728778
ARG,2005,39145491
ARG,2006,39558750
ARG,2007,39969903
ARG,2008,40381860
ARG,2009,40798641
ARG,2010,41222875
ARG,2011,41655616
ARG,2012,42095224
ARG,2013,42538304
ARG,2014,42980026
ARM,2002,3047249
ARM,2003,3036420
ARM,2004,3025982
ARM,2005,3014917
ARM,2006,3002161
ARM,2007,2988117
ARM,2008,2975029
ARM,2009,2966108
ARM,2010,2963496
ARM,2011,2967984
ARM,2012,2978339
ARM,2013,2992192
ARM,2014,3006154
ABW,2002,94995
ABW,2003,97015
ABW,2004,98742
ABW,2005,100031
ABW,2006,100830
ABW,2007,101218
ABW,2008,101342
ABW,2009,101416
ABW,2010,101597
ABW,2011,101936
ABW,2012,102393
ABW,2013,102921
ABW,2014,103441
AZE,2002,8171950
AZE,2003,8234100
AZE,2004,8306500
AZE,2005,8391850
AZE,2006,8484550
AZE,2007,8581300
AZE,2008,8763400
AZE,2009,8947243
AZE,2010,9054332
AZE,2011,9173082
AZE,2012,9295784
AZE,2013,9416801
AZE,2014,9535079
BHS,2002,309170
BHS,2003,315757
BHS,2004,322539
BHS,2005,329243
BHS,2006,335801
BHS,2007,342259
BHS,2008,348587
BHS,2009,354780
BHS,2010,360830
BHS,2011,366711
BHS,2012,372388
BHS,2013,377841
BHS,2014,383054
BHR,2002,725365
BHR,2003,761595
BHR,2004,807989
BHR,2005,867014
BHR,2006,940808
BHR,2007,1026568
BHR,2008,1115777
BHR,2009,1196774
BHR,2010,1261319
BHR,2011,1306014
BHR,2012,1333577
BHR,2013,1349427
BHR,2014,1361930
BGD,2002,136228456
BGD,2003,138600174
BGD,2004,140843786
BGD,2005,142929979
BGD,2006,144839238
BGD,2007,146592687
BGD,2008,148252473
BGD,2009,149905836
BGD,2010,151616777
BGD,2011,153405612
BGD,2012,155257387
BGD,2013,157157394
BGD,2014,159077513
BRB,2002,271479
BRB,2003,272261
BRB,2004,273091
BRB,2005,274013
BRB,2006,275040
BRB,2007,276154
BRB,2008,277315
BRB,2009,278466
BRB,2010,279566
BRB,2011,280602
BRB,2012,281580
BRB,2013,282503
BRB,2014,283380
BLR,2002,9865000
BLR,2003,9797000
BLR,2004,9730000
BLR,2005,9663000
BLR,2006,9604000
BLR,2007,9560000
BLR,2008,9528000
BLR,2009,9507000
BLR,2010,9490000
BLR,2011,9473000
BLR,2012,9464000
BLR,2013,9466000
BLR,2014,9483000
BLZ,2002,262202
BLZ,2003,269132
BLZ,2004,276085
BLZ,2005,283279
BLZ,2006,290751
BLZ,2007,298403
BLZ,2008,306165
BLZ,2009,313925
BLZ,2010,321609
BLZ,2011,329193
BLZ,2012,336707
BLZ,2013,344193
BLZ,2014,351706
BEN,2002,7414744
BEN,2003,7665681
BEN,2004,7922796
BEN,2005,8182362
BEN,2006,8443717
BEN,2007,8707637
BEN,2008,8973525
BEN,2009,9240982
BEN,2010,9509798
BEN,2011,9779391
BEN,2012,10049792
BEN,2013,10322232
BEN,2014,10598482
BMU,2002,62912
BMU,2003,63325
BMU,2004,63740
BMU,2005,64154
BMU,2006,64523
BMU,2007,64888
BMU,2008,65273
BMU,2009,65636
BMU,2010,65124
BMU,2011,64564
BMU,2012,64798
BMU,2013,65001
BMU,2014,65139
BTN,2002,598421
BTN,2003,616474
BTN,2004,634235
BTN,2005,651163
BTN,2006,666920
BTN,2007,681471
BTN,2008,694990
BTN,2009,707830
BTN,2010,720246
BTN,2011,732246
BTN,2012,743711
BTN,2013,754637
BTN,2014,765008
BOL,2002,8653343
BOL,2003,8810420
BOL,2004,8967740
BOL,2005,9125405
BOL,2006,9283345
BOL,2007,9441482
BOL,2008,9599916
BOL,2009,9758799
BOL,2010,9918245
BOL,2011,10078238
BOL,2012,10238762
BOL,2013,10399931
BOL,2014,10561887
BIH,2002,3808347
BIH,2003,3817313
BIH,2004,3825872
BIH,2005,3833377
BIH,2006,3838504
BIH,2007,3840418
BIH,2008,3839749
BIH,2009,3837732
BIH,2010,3835258
BIH,2011,3832310
BIH,2012,3828419
BIH,2013,3823533
BIH,2014,3817554
BWA,2002,1786672
BWA,2003,1810438
BWA,2004,1835750
BWA,2005,1864003
BWA,2006,1895671
BWA,2007,1930431
BWA,2008,1967866
BWA,2009,2007212
BWA,2010,2047831
BWA,2011,2089706
BWA,2012,2132822
BWA,2013,2176510
BWA,2014,2219937
BRA,2002,181045592
BRA,2003,183627339
BRA,2004,186116363
BRA,2005,188479240
BRA,2006,190698241
BRA,2007,192784521
BRA,2008,194769696
BRA,2009,196701298
BRA,2010,198614208
BRA,2011,200517584
BRA,2012,202401584
BRA,2013,204259377
BRA,2014,206077898
BRN,2002,343383
BRN,2003,349557
BRN,2004,355700
BRN,2005,361889
BRN,2006,368150
BRN,2007,374459
BRN,2008,380786
BRN,2009,387080
BRN,2010,393302
BRN,2011,399443
BRN,2012,405512
BRN,2013,411499
BRN,2014,417394
BFA,2002,12290984
BFA,2003,12651596
BFA,2004,13028039
BFA,2005,13421929
BFA,2006,13834195
BFA,2007,14264002
BFA,2008,14709011
BFA,2009,15165856
BFA,2010,15632066
BFA,2011,16106851
BFA,2012,16590813
BFA,2013,17084554
BFA,2014,17589198
BDI,2002,7159918
BDI,2003,7401215
BDI,2004,7661613
BDI,2005,7934213
BDI,2006,8218070
BDI,2007,8514578
BDI,2008,8821795
BDI,2009,9137786
BDI,2010,9461117
BDI,2011,9790151
BDI,2012,10124572
BDI,2013,10465959
BDI,2014,10816860
KHM,2002,12681984
KHM,2003,12901217
KHM,2004,13112334
KHM,2005,13320058
KHM,2006,13525360
KHM,2007,13728700
KHM,2008,13933660
KHM,2009,14144337
KHM,2010,14363586
KHM,2011,14593099
KHM,2012,14832255
KHM,2013,15078564
KHM,2014,15328136
CMR,2002,16779434
CMR,2003,17218591
CMR,2004,17667576
CMR,2005,18126999
CMR,2006,18597109
CMR,2007,19078100
CMR,2008,19570418
CMR,2009,20074522
CMR,2010,20590666
CMR,2011,21119065
CMR,2012,21659488
CMR,2013,22211166
CMR,2014,22773014
CYM,2002,44742
CYM,2003,46032
CYM,2004,47299
CYM,2005,48623
CYM,2006,50028
CYM,2007,51480
CYM,2008,52925
CYM,2009,54285
CYM,2010,55509
CYM,2011,56580
CYM,2012,57522
CYM,2013,58369
CYM,2014,59172
CAF,2002,3859784
CAF,2003,3923294
CAF,2004,3987896
CAF,2005,4055608
CAF,2006,4127112
CAF,2007,4202104
CAF,2008,4280405
CAF,2009,4361492
CAF,2010,4444973
CAF,2011,4530903
CAF,2012,4619500
CAF,2013,4710678
CAF,2014,4804316
TCD,2002,9002102
TCD,2003,9353516
TCD,2004,9710498
TCD,2005,10067932
TCD,2006,10423616
TCD,2007,10779504
TCD,2008,11139740
TCD,2009,11510535
TCD,2010,11896380
TCD,2011,12298512
TCD,2012,12715465
TCD,2013,13145788
TCD,2014,13587053
CHL,2002,15544554
CHL,2003,15729268
CHL,2004,15913119
CHL,2005,16096571
CHL,2006,16279728
CHL,2007,16462701
CHL,2008,16645940
CHL,2009,16829957
CHL,2010,17015048
CHL,2011,17201305
CHL,2012,17388437
CHL,2013,17575833
CHL,2014,17762647
CHN,2002,1280400000
CHN,2003,1288400000
CHN,2004,1296075000
CHN,2005,1303720000
CHN,2006,1311020000
CHN,2007,1317885000
CHN,2008,1324655000
CHN,2009,1331260000
CHN,2010,1337705000
CHN,2011,1344130000
CHN,2012,1350695000
CHN,2013,1357380000
CHN,2014,1364270000
COL,2002,41572493
COL,2003,42152147
COL,2004,42724157
COL,2005,43285636
COL,2006,43835744
COL,2007,44374647
COL,2008,44901660
COL,2009,45416276
COL,2010,45918101
COL,2011,46406446
COL,2012,46881018
COL,2013,47342363
COL,2014,47791393
COM,2002,575428
COM,2003,589500
COM,2004,603869
COM,2005,618632
COM,2006,633814
COM,2007,649404
COM,2008,665414
COM,2009,681845
COM,2010,698695
COM,2011,715972
COM,2012,733661
COM,2013,751697
COM,2014,769991
COD,2002,50971407
COD,2003,52602208
COD,2004,54314855
COD,2005,56089536
COD,2006,57926840
COD,2007,59834875
COD,2008,61809278
COD,2009,63845097
COD,2010,65938712
COD,2011,68087376
COD,2012,70291160
COD,2013,72552861
COD,2014,74877030
COG,2002,3256867
COG,2003,3331564
COG,2004,3412592
COG,2005,3503086
COG,2006,3604595
COG,2007,3715665
COG,2008,3832771
COG,2009,3950786
COG,2010,4066078
COG,2011,4177435
COG,2012,4286188
COG,2013,4394334
COG,2014,4504962
CRI,2002,4063208
CRI,2003,4125970
CRI,2004,4187039
CRI,2005,4247843
CRI,2006,4308790
CRI,2007,4369465
CRI,2008,4429506
CRI,2009,4488261
CRI,2010,4545273
CRI,2011,4600487
CRI,2012,4654148
CRI,2013,4706433
CRI,2014,4757606
CIV,2002,17185421
CIV,2003,17491539
CIV,2004,17802516
CIV,2005,18132702
CIV,2006,18486392
CIV,2007,18862172
CIV,2008,19261647
CIV,2009,19684909
CIV,2010,20131707
CIV,2011,20604172
CIV,2012,21102641
CIV,2013,21622490
CIV,2014,22157107
HRV,2002,4440000
HRV,2003,4440000
HRV,2004,4439000
HRV,2005,4442000
HRV,2006,4440000
HRV,2007,4436000
HRV,2008,4434508
HRV,2009,4429078
HRV,2010,4417781
HRV,2011,4280622
HRV,2012,4267558
HRV,2013,4255689
HRV,2014,4238389
CUB,2002,11184540
CUB,2003,11214837
CUB,2004,11240680
CUB,2005,11261052
CUB,2006,11275199
CUB,2007,11284043
CUB,2008,11290239
CUB,2009,11297442
CUB,2010,11308133
CUB,2011,11323570
CUB,2012,11342631
CUB,2013,11362505
CUB,2014,11379111
CYP,2002,979883
CYP,2003,998150
CYP,2004,1015827
CYP,2005,1032586
CYP,2006,1048293
CYP,2007,1063040
CYP,2008,1077010
CYP,2009,1090486
CYP,2010,1103685
CYP,2011,1116644
CYP,2012,1129303
CYP,2013,1141652
CYP,2014,1153658
DJI,2002,745459
DJI,2003,756656
DJI,2004,767644
DJI,2005,778406
DJI,2006,788941
DJI,2007,799309
DJI,2008,809639
DJI,2009,820097
DJI,2010,830802
DJI,2011,841802
DJI,2012,853069
DJI,2013,864554
DJI,2014,876174
DMA,2002,69806
DMA,2003,70058
DMA,2004,70325
DMA,2005,70542
DMA,2006,70690
DMA,2007,70795
DMA,2008,70881
DMA,2009,70995
DMA,2010,71167
DMA,2011,71402
DMA,2012,71685
DMA,2013,72005
DMA,2014,72341
DOM,2002,8832286
DOM,2003,8967759
DOM,2004,9102997
DOM,2005,9237565
DOM,2006,9371333
DOM,2007,9504336
DOM,2008,9636491
DOM,2009,9767737
DOM,2010,9897983
DOM,2011,10027140
DOM,2012,10155036
DOM,2013,10281408
DOM,2014,10405943
ECU,2002,13072056
ECU,2003,13289600
ECU,2004,13509645
ECU,2005,13735232
ECU,2006,13967490
ECU,2007,14205479
ECU,2008,14447600
ECU,2009,14691310
ECU,2010,14934692
ECU,2011,15177280
ECU,2012,15419493
ECU,2013,15661312
ECU,2014,15902916
EGY,2002,70908710
EGY,2003,72247626
EGY,2004,73596068
EGY,2005,74942115
EGY,2006,76274285
EGY,2007,77605327
EGY,2008,78976122
EGY,2009,80442443
EGY,2010,82040994
EGY,2011,83787634
EGY,2012,85660902
EGY,2013,87613909
EGY,2014,89579670
SLV,2002,5874301
SLV,2003,5900929
SLV,2004,5925089
SLV,2005,5947206
SLV,2006,5967556
SLV,2007,5986414
SLV,2008,6004199
SLV,2009,6021368
SLV,2010,6038306
SLV,2011,6055208
SLV,2012,6072233
SLV,2013,6089644
SLV,2014,6107706
GNQ,2002,567664
GNQ,2003,586772
GNQ,2004,606201
GNQ,2005,625866
GNQ,2006,645718
GNQ,2007,665798
GNQ,2008,686223
GNQ,2009,707155
GNQ,2010,728710
GNQ,2011,750918
GNQ,2012,773729
GNQ,2013,797082
GNQ,2014,820885
ERI,2002,3788532
ERI,2003,3928408
ERI,2004,4064958
ERI,2005,4191273
ERI,2006,4304440
ERI,2007,4406299
ERI,2008,4500638
ERI,2009,4593549
ERI,2010,4689664
ERI,2011,4789568
ERI,2012,NA
ERI,2013,NA
ERI,2014,NA
ETH,2002,70391170
ETH,2003,72432290
ETH,2004,74506974
ETH,2005,76608431
ETH,2006,78735675
ETH,2007,80891968
ETH,2008,83079608
ETH,2009,85302099
ETH,2010,87561814
ETH,2011,89858696
ETH,2012,92191211
ETH,2013,94558374
ETH,2014,96958732
FJI,2002,815691
FJI,2003,816626
FJI,2004,818355
FJI,2005,821820
FJI,2006,827390
FJI,2007,834729
FJI,2008,843206
FJI,2009,851854
FJI,2010,859952
FJI,2011,867327
FJI,2012,874158
FJI,2013,880487
FJI,2014,886450
PYF,2002,245032
PYF,2003,248536
PYF,2004,251811
PYF,2005,254884
PYF,2006,257731
PYF,2007,260361
PYF,2008,262877
PYF,2009,265412
PYF,2010,268065
PYF,2011,270862
PYF,2012,273775
PYF,2013,276766
PYF,2014,279781
GAB,2002,1289192
GAB,2003,1318093
GAB,2004,1347524
GAB,2005,1377777
GAB,2006,1408920
GAB,2007,1440902
GAB,2008,1473741
GAB,2009,1507428
GAB,2010,1541936
GAB,2011,1577298
GAB,2012,1613489
GAB,2013,1650351
GAB,2014,1687673
GMB,2002,1307674
GMB,2003,1350345
GMB,2004,1394727
GMB,2005,1440542
GMB,2006,1487731
GMB,2007,1536424
GMB,2008,1586749
GMB,2009,1638899
GMB,2010,1693002
GMB,2011,1749099
GMB,2012,1807108
GMB,2013,1866878
GMB,2014,1928201
GEO,2002,4357000
GEO,2003,4301000
GEO,2004,4245000
GEO,2005,4190000
GEO,2006,4136000
GEO,2007,4082000
GEO,2008,4030000
GEO,2009,3978000
GEO,2010,3926000
GEO,2011,3875000
GEO,2012,3825000
GEO,2013,3776000
GEO,2014,3727000
GHA,2002,19788181
GHA,2003,20305396
GHA,2004,20840493
GHA,2005,21389514
GHA,2006,21951891
GHA,2007,22528041
GHA,2008,23115919
GHA,2009,23713164
GHA,2010,24317734
GHA,2011,24928503
GHA,2012,25544565
GHA,2013,26164432
GHA,2014,26786598
GRD,2002,102100
GRD,2003,102371
GRD,2004,102657
GRD,2005,102951
GRD,2006,103259
GRD,2007,103587
GRD,2008,103934
GRD,2009,104298
GRD,2010,104677
GRD,2011,105070
GRD,2012,105476
GRD,2013,105902
GRD,2014,106349
GTM,2002,12272208
GTM,2003,12573346
GTM,2004,12877711
GTM,2005,13183505
GTM,2006,13490041
GTM,2007,13797629
GTM,2008,14106687
GTM,2009,14418033
GTM,2010,14732261
GTM,2011,15049280
GTM,2012,15368759
GTM,2013,15690793
GTM,2014,16015494
GIN,2002,9114287
GIN,2003,9281572
GIN,2004,9464771
GIN,2005,9669023
GIN,2006,9898301
GIN,2007,10152521
GIN,2008,10427356
GIN,2009,10715770
GIN,2010,11012406
GIN,2011,11316351
GIN,2012,11628767
GIN,2013,11948726
GIN,2014,12275527
GNB,2002,1372367
GNB,2003,1401716
GNB,2004,1431816
GNB,2005,1462784
GNB,2006,1494603
GNB,2007,1527342
GNB,2008,1561293
GNB,2009,1596832
GNB,2010,1634196
GNB,2011,1673509
GNB,2012,1714620
GNB,2013,1757138
GNB,2014,1800513
GUY,2002,743107
GUY,2003,742537
GUY,2004,742162
GUY,2005,742495
GUY,2006,743705
GUY,2007,745638
GUY,2008,748096
GUY,2009,750749
GUY,2010,753362
GUY,2011,755883
GUY,2012,758410
GUY,2013,761033
GUY,2014,763893
HTI,2002,8834739
HTI,2003,8976555
HTI,2004,9119182
HTI,2005,9263409
HTI,2006,9409479
HTI,2007,9556958
HTI,2008,9705130
HTI,2009,9852953
HTI,2010,9999617
HTI,2011,10144890
HTI,2012,10288828
HTI,2013,10431249
HTI,2014,10572029
HND,2002,6499001
HND,2003,6626304
HND,2004,6753352
HND,2005,6880181
HND,2006,7007029
HND,2007,7133737
HND,2008,7259470
HND,2009,7383098
HND,2010,7503875
HND,2011,7621414
HND,2012,7736131
HND,2013,7849059
HND,2014,7961680
HKG,2002,6744100
HKG,2003,6730800
HKG,2004,6783500
HKG,2005,6813200
HKG,2006,6857100
HKG,2007,6916300
HKG,2008,6957800
HKG,2009,6972800
HKG,2010,7024200
HKG,2011,7071600
HKG,2012,7154600
HKG,2013,7187500
HKG,2014,7241700
IND,2002,1090189358
IND,2003,1108369577
IND,2004,1126419321
IND,2005,1144326293
IND,2006,1162088305
IND,2007,1179685631
IND,2008,1197070109
IND,2009,1214182182
IND,2010,1230984504
IND,2011,1247446011
IND,2012,1263589639
IND,2013,1279498874
IND,2014,1295291543
IDN,2002,217369087
IDN,2003,220307809
IDN,2004,223268606
IDN,2005,226254703
IDN,2006,229263980
IDN,2007,232296830
IDN,2008,235360765
IDN,2009,238465165
IDN,2010,241613126
IDN,2011,244808254
IDN,2012,248037853
IDN,2013,251268276
IDN,2014,254454778
IRN,2002,67696677
IRN,2003,68522074
IRN,2004,69321953
IRN,2005,70122115
IRN,2006,70923164
IRN,2007,71720859
IRN,2008,72530693
IRN,2009,73370982
IRN,2010,74253373
IRN,2011,75184322
IRN,2012,76156975
IRN,2013,77152445
IRN,2014,78143644
IRQ,2002,24943793
IRQ,2003,25630426
IRQ,2004,26320530
IRQ,2005,27017712
IRQ,2006,27716983
IRQ,2007,28423538
IRQ,2008,29163327
IRQ,2009,29970634
IRQ,2010,30868156
IRQ,2011,31867758
IRQ,2012,32957622
IRQ,2013,34107366
IRQ,2014,35273293
ISR,2002,6570000
ISR,2003,6689700
ISR,2004,6809000
ISR,2005,6930100
ISR,2006,7053700
ISR,2007,7180100
ISR,2008,7308800
ISR,2009,7485600
ISR,2010,7623600
ISR,2011,7765800
ISR,2012,7910500
ISR,2013,8059500
ISR,2014,8215700
JAM,2002,2615253
JAM,2003,2624695
JAM,2004,2634145
JAM,2005,2643601
JAM,2006,2653042
JAM,2007,2662481
JAM,2008,2671934
JAM,2009,2681386
JAM,2010,2690824
JAM,2011,2699838
JAM,2012,2707805
JAM,2013,2714669
JAM,2014,2720554
JOR,2002,4938935
JOR,2003,5042538
JOR,2004,5171633
JOR,2005,5332982
JOR,2006,5530218
JOR,2007,5759424
JOR,2008,6010035
JOR,2009,6266865
JOR,2010,6517912
JOR,2011,6760371
JOR,2012,6994451
JOR,2013,7214832
JOR,2014,7416083
KAZ,2002,14858948
KAZ,2003,14909018
KAZ,2004,15012985
KAZ,2005,15147029
KAZ,2006,15308084
KAZ,2007,15484192
KAZ,2008,15674000
KAZ,2009,16092701
KAZ,2010,16321581
KAZ,2011,16556600
KAZ,2012,16791425
KAZ,2013,17035275
KAZ,2014,17289224
KEN,2002,32691980
KEN,2003,33551079
KEN,2004,34437460
KEN,2005,35349040
KEN,2006,36286015
KEN,2007,37250540
KEN,2008,38244442
KEN,2009,39269988
KEN,2010,40328313
KEN,2011,41419954
KEN,2012,42542978
KEN,2013,43692881
KEN,2014,44863583
KIR,2002,87343
KIR,2003,88892
KIR,2004,90545
KIR,2005,92329
KIR,2006,94257
KIR,2007,96310
KIR,2008,98437
KIR,2009,100566
KIR,2010,102648
KIR,2011,104662
KIR,2012,106620
KIR,2013,108544
KIR,2014,110470
PRK,2002,23248053
PRK,2003,23449173
PRK,2004,23639296
PRK,2005,23813324
PRK,2006,23969897
PRK,2007,24111945
PRK,2008,24243829
PRK,2009,24371806
PRK,2010,24500506
PRK,2011,24631359
PRK,2012,24763353
PRK,2013,24895705
PRK,2014,25026772
KOR,2002,47622179
KOR,2003,47859311
KOR,2004,48039415
KOR,2005,48138077
KOR,2006,48371946
KOR,2007,48597652
KOR,2008,48948698
KOR,2009,49182038
KOR,2010,49410366
KOR,2011,49779440
KOR,2012,50004441
KOR,2013,50219669
KOR,2014,50423955
KSV,2002,1702310
KSV,2003,1703466
KSV,2004,1704622
KSV,2005,1705780
KSV,2006,1719536
KSV,2007,1733404
KSV,2008,1747383
KSV,2009,1761474
KSV,2010,1775680
KSV,2011,1790957
KSV,2012,1805200
KSV,2013,1818117
KSV,2014,1812771
KWT,2002,2042215
KWT,2003,2095993
KWT,2004,2166344
KWT,2005,2263604
KWT,2006,2389498
KWT,2007,2538591
KWT,2008,2705290
KWT,2009,2881243
KWT,2010,3059473
KWT,2011,3239181
KWT,2012,3419581
KWT,2013,3593689
KWT,2014,3753121
KGZ,2002,4990700
KGZ,2003,5043300
KGZ,2004,5104700
KGZ,2005,5162600
KGZ,2006,5218400
KGZ,2007,5268400
KGZ,2008,5318700
KGZ,2009,5383300
KGZ,2010,5447900
KGZ,2011,5514600
KGZ,2012,5607200
KGZ,2013,5719600
KGZ,2014,5835500
LAO,2002,5502340
LAO,2003,5579003
LAO,2004,5658894
LAO,2005,5745012
LAO,2006,5838837
LAO,2007,5939634
LAO,2008,6045439
LAO,2009,6153153
LAO,2010,6260544
LAO,2011,6366909
LAO,2012,6473050
LAO,2013,6579985
LAO,2014,6689300
LBN,2002,3522842
LBN,2003,3701464
LBN,2004,3863271
LBN,2005,3986865
LBN,2006,4057041
LBN,2007,4085426
LBN,2008,4109389
LBN,2009,4181742
LBN,2010,4337156
LBN,2011,4591698
LBN,2012,4924257
LBN,2013,5286990
LBN,2014,5612096
LSO,2002,1885488
LSO,2003,1898778
LSO,2004,1912042
LSO,2005,1925844
LSO,2006,1940345
LSO,2007,1955656
LSO,2008,1972194
LSO,2009,1990413
LSO,2010,2010586
LSO,2011,2032950
LSO,2012,2057331
LSO,2013,2083061
LSO,2014,2109197
LBR,2002,3070673
LBR,2003,3124222
LBR,2004,3184643
LBR,2005,3269786
LBR,2006,3384804
LBR,2007,3522337
LBR,2008,3672782
LBR,2009,3821498
LBR,2010,3957990
LBR,2011,4079574
LBR,2012,4190155
LBR,2013,4293692
LBR,2014,4396554
LBY,2002,5518341
LBY,2003,5609166
LBY,2004,5703224
LBY,2005,5801543
LBY,2006,5907149
LBY,2007,6017794
LBY,2008,6123022
LBY,2009,6208680
LBY,2010,6265697
LBY,2011,6288652
LBY,2012,6283403
LBY,2013,6265987
LBY,2014,6258984
MAC,2002,444178
MAC,2003,450754
MAC,2004,458579
MAC,2005,468149
MAC,2006,479728
MAC,2007,493022
MAC,2008,507274
MAC,2009,521405
MAC,2010,534626
MAC,2011,546682
MAC,2012,557763
MAC,2013,568056
MAC,2014,577914
MDG,2002,16736029
MDG,2003,17245275
MDG,2004,17763367
MDG,2005,18290394
MDG,2006,18826129
MDG,2007,19371031
MDG,2008,19926798
MDG,2009,20495706
MDG,2010,21079532
MDG,2011,21678867
MDG,2012,22293720
MDG,2013,22924557
MDG,2014,23571713
MWI,2002,11788731
MWI,2003,12090476
MWI,2004,12407618
MWI,2005,12747846
MWI,2006,13112383
MWI,2007,13498377
MWI,2008,13904671
MWI,2009,14329056
MWI,2010,14769824
MWI,2011,15226813
MWI,2012,15700436
MWI,2013,16190126
MWI,2014,16695253
MYS,2002,24401977
MYS,2003,24869423
MYS,2004,25332026
MYS,2005,25796124
MYS,2006,26263048
MYS,2007,26730607
MYS,2008,27197419
MYS,2009,27661017
MYS,2010,28119500
MYS,2011,28572970
MYS,2012,29021940
MYS,2013,29465372
MYS,2014,29901997
MDV,2002,297000
MDV,2003,304000
MDV,2004,312000
MDV,2005,321000
MDV,2006,333000
MDV,2007,349000
MDV,2008,362000
MDV,2009,360000
MDV,2010,367000
MDV,2011,377000
MDV,2012,385000
MDV,2013,393000
MDV,2014,401000
MLI,2002,11723017
MLI,2003,12088867
MLI,2004,12474857
MLI,2005,12881384
MLI,2006,13309942
MLI,2007,13759226
MLI,2008,14223403
MLI,2009,14694565
MLI,2010,15167286
MLI,2011,15639115
MLI,2012,16112333
MLI,2013,16592097
MLI,2014,17086022
MLT,2002,395969
MLT,2003,398582
MLT,2004,401268
MLT,2005,403834
MLT,2006,405308
MLT,2007,406724
MLT,2008,409379
MLT,2009,412477
MLT,2010,414508
MLT,2011,416268
MLT,2012,419455
MLT,2013,423374
MLT,2014,427364
MHL,2002,52161
MHL,2003,52115
MHL,2004,52074
MHL,2005,52058
MHL,2006,52080
MHL,2007,52136
MHL,2008,52221
MHL,2009,52321
MHL,2010,52428
MHL,2011,52541
MHL,2012,52663
MHL,2013,52786
MHL,2014,52898
MRT,2002,2884672
MRT,2003,2974686
MRT,2004,3064882
MRT,2005,3154087
MRT,2006,3241762
MRT,2007,3328285
MRT,2008,3414552
MRT,2009,3501927
MRT,2010,3591400
MRT,2011,3683221
MRT,2012,3777067
MRT,2013,3872684
MRT,2014,3969625
MUS,2002,1204621
MUS,2003,1213370
MUS,2004,1221003
MUS,2005,1228254
MUS,2006,1233996
MUS,2007,1239630
MUS,2008,1244121
MUS,2009,1247429
MUS,2010,1250400
MUS,2011,1252404
MUS,2012,1255882
MUS,2013,1258653
MUS,2014,1260934
MEX,2002,105578297
MEX,2003,106888418
MEX,2004,108257822
MEX,2005,109747906
MEX,2006,111382857
MEX,2007,113139374
MEX,2008,114972821
MEX,2009,116815612
MEX,2010,118617542
MEX,2011,120365271
MEX,2012,122070963
MEX,2013,123740109
MEX,2014,125385833
FSM,2002,106983
FSM,2003,106816
FSM,2004,106575
FSM,2005,106198
FSM,2006,105680
FSM,2007,105080
FSM,2008,104472
FSM,2009,103961
FSM,2010,103619
FSM,2011,103476
FSM,2012,103516
FSM,2013,103718
FSM,2014,104044
MDA,2002,3623062
MDA,2003,3612874
MDA,2004,3603945
MDA,2005,3595187
MDA,2006,3585209
MDA,2007,3576910
MDA,2008,3570108
MDA,2009,3565604
MDA,2010,3562045
MDA,2011,3559986
MDA,2012,3559519
MDA,2013,3558566
MDA,2014,3556397
MNG,2002,2443503
MNG,2003,2469045
MNG,2004,2496621
MNG,2005,2526447
MNG,2006,2558484
MNG,2007,2592776
MNG,2008,2629666
MNG,2009,2669572
MNG,2010,2712657
MNG,2011,2759074
MNG,2012,2808339
MNG,2013,2859174
MNG,2014,2909871
MNE,2002,609828
MNE,2003,612267
MNE,2004,613353
MNE,2005,614261
MNE,2006,615025
MNE,2007,615875
MNE,2008,616969
MNE,2009,618294
MNE,2010,619428
MNE,2011,620079
MNE,2012,620601
MNE,2013,621207
MNE,2014,621810
MAR,2002,29535591
MAR,2003,29812685
MAR,2004,30093109
MAR,2005,30385479
MAR,2006,30691434
MAR,2007,31011322
MAR,2008,31350544
MAR,2009,31714958
MAR,2010,32107739
MAR,2011,32531964
MAR,2012,32984190
MAR,2013,33452686
MAR,2014,33921203
MOZ,2002,19348715
MOZ,2003,19928496
MOZ,2004,20523159
MOZ,2005,21126676
MOZ,2006,21737860
MOZ,2007,22359637
MOZ,2008,22994867
MOZ,2009,23647815
MOZ,2010,24321457
MOZ,2011,25016921
MOZ,2012,25732928
MOZ,2013,26467180
MOZ,2014,27216276
MMR,2002,48689952
MMR,2003,49151958
MMR,2004,49582751
MMR,2005,49984704
MMR,2006,50355559
MMR,2007,50698814
MMR,2008,51030006
MMR,2009,51369725
MMR,2010,51733013
MMR,2011,52125411
MMR,2012,52543841
MMR,2013,52983829
MMR,2014,53437159
NAM,2002,1957749
NAM,2003,1980531
NAM,2004,2002745
NAM,2005,2027026
NAM,2006,2053915
NAM,2007,2083174
NAM,2008,2115703
NAM,2009,2152357
NAM,2010,2193643
NAM,2011,2240161
NAM,2012,2291645
NAM,2013,2346592
NAM,2014,2402858
NPL,2002,24516969
NPL,2003,24868900
NPL,2004,25198130
NPL,2005,25506847
NPL,2006,25794344
NPL,2007,26063619
NPL,2008,26325183
NPL,2009,26592666
NPL,2010,26875910
NPL,2011,27179237
NPL,2012,27500515
NPL,2013,27834981
NPL,2014,28174724
NCL,2002,221490
NCL,2003,225000
NCL,2004,228000
NCL,2005,231000
NCL,2006,235000
NCL,2007,238000
NCL,2008,242000
NCL,2009,245000
NCL,2010,250000
NCL,2011,254000
NCL,2012,259000
NCL,2013,263000
NCL,2014,268000
NIC,2002,5171736
NIC,2003,5240876
NIC,2004,5309703
NIC,2005,5379327
NIC,2006,5450217
NIC,2007,5522119
NIC,2008,5594524
NIC,2009,5666595
NIC,2010,5737722
NIC,2011,5807787
NIC,2012,5877034
NIC,2013,5945646
NIC,2014,6013913
NER,2002,12075991
NER,2003,12526725
NER,2004,12996012
NER,2005,13485436
NER,2006,13995530
NER,2007,14527631
NER,2008,15085130
NER,2009,15672194
NER,2010,16291990
NER,2011,16946485
NER,2012,17635782
NER,2013,18358863
NER,2014,19113728
NGA,2002,129246283
NGA,2003,132581484
NGA,2004,136033321
NGA,2005,139611303
NGA,2006,143318011
NGA,2007,147152502
NGA,2008,151115683
NGA,2009,155207145
NGA,2010,159424742
NGA,2011,163770669
NGA,2012,168240403
NGA,2013,172816517
NGA,2014,177475986
MNP,2002,68499
MNP,2003,67562
MNP,2004,66143
MNP,2005,64372
MNP,2006,62235
MNP,2007,59791
MNP,2008,57343
MNP,2009,55276
MNP,2010,53860
MNP,2011,53234
MNP,2012,53314
MNP,2013,53869
MNP,2014,54541
OMN,2002,2323203
OMN,2003,2385075
OMN,2004,2448194
OMN,2005,2506891
OMN,2006,2553376
OMN,2007,2593750
OMN,2008,2652281
OMN,2009,2762073
OMN,2010,2943747
OMN,2011,3210003
OMN,2012,3545192
OMN,2013,3906912
OMN,2014,4236057
PAK,2002,144271586
PAK,2003,147251530
PAK,2004,150267989
PAK,2005,153356383
PAK,2006,156524189
PAK,2007,159767672
PAK,2008,163096985
PAK,2009,166520983
PAK,2010,170043918
PAK,2011,173669648
PAK,2012,177392252
PAK,2013,181192646
PAK,2014,185044286
PLW,2002,19575
PLW,2003,19700
PLW,2004,19805
PLW,2005,19907
PLW,2006,20012
PLW,2007,20118
PLW,2008,20227
PLW,2009,20344
PLW,2010,20470
PLW,2011,20606
PLW,2012,20756
PLW,2013,20919
PLW,2014,21097
PAN,2002,3144728
PAN,2003,3202511
PAN,2004,3260611
PAN,2005,3319301
PAN,2006,3378600
PAN,2007,3438398
PAN,2008,3498679
PAN,2009,3559401
PAN,2010,3620506
PAN,2011,3681979
PAN,2012,3743761
PAN,2013,3805683
PAN,2014,3867535
PNG,2002,5653284
PNG,2003,5795571
PNG,2004,5940048
PNG,2005,6086905
PNG,2006,6236158
PNG,2007,6387470
PNG,2008,6540267
PNG,2009,6693799
PNG,2010,6847517
PNG,2011,7001172
PNG,2012,7154870
PNG,2013,7308864
PNG,2014,7463577
PRY,2002,5508615
PRY,2003,5607948
PRY,2004,5703742
PRY,2005,5795493
PRY,2006,5882797
PRY,2007,5966160
PRY,2008,6047131
PRY,2009,6127847
PRY,2010,6209877
PRY,2011,6293763
PRY,2012,6379162
PRY,2013,6465669
PRY,2014,6552518
PER,2002,26601463
PER,2003,26937737
PER,2004,27273188
PER,2005,27610406
PER,2006,27949958
PER,2007,28292768
PER,2008,28642048
PER,2009,29001563
PER,2010,29373644
PER,2011,29759891
PER,2012,30158768
PER,2013,30565461
PER,2014,30973148
PHL,2002,81294378
PHL,2003,82971734
PHL,2004,84596249
PHL,2005,86141373
PHL,2006,87592899
PHL,2007,88965508
PHL,2008,90297115
PHL,2009,91641881
PHL,2010,93038902
PHL,2011,94501233
PHL,2012,96017322
PHL,2013,97571676
PHL,2014,99138690
QAT,2002,634388
QAT,2003,668165
QAT,2004,732096
QAT,2005,836924
QAT,2006,988448
QAT,2007,1178955
QAT,2008,1388962
QAT,2009,1591151
QAT,2010,1765513
QAT,2011,1905437
QAT,2012,2015624
QAT,2013,2101288
QAT,2014,2172065
RWA,2002,8539029
RWA,2003,8686469
RWA,2004,8828956
RWA,2005,9008230
RWA,2006,9231041
RWA,2007,9481083
RWA,2008,9750314
RWA,2009,10024594
RWA,2010,10293669
RWA,2011,10556429
RWA,2012,10817350
RWA,2013,11078095
RWA,2014,11341544
WSM,2002,176592
WSM,2003,177677
WSM,2004,178794
WSM,2005,179928
WSM,2006,181072
WSM,2007,182238
WSM,2008,183440
WSM,2009,184700
WSM,2010,186029
WSM,2011,187434
WSM,2012,188901
WSM,2013,190390
WSM,2014,191845
STP,2002,143085
STP,2003,146357
STP,2004,149732
STP,2005,153146
STP,2006,156584
STP,2007,160064
STP,2008,163595
STP,2009,167196
STP,2010,170880
STP,2011,174646
STP,2012,178484
STP,2013,182386
STP,2014,186342
SAU,2002,22668102
SAU,2003,23357887
SAU,2004,24055573
SAU,2005,24745230
SAU,2006,25419994
SAU,2007,26083522
SAU,2008,26742842
SAU,2009,27409491
SAU,2010,28090647
SAU,2011,28788438
SAU,2012,29496047
SAU,2013,30201051
SAU,2014,30886545
SEN,2002,10389457
SEN,2003,10673320
SEN,2004,10967016
SEN,2005,11268994
SEN,2006,11578430
SEN,2007,11897230
SEN,2008,12229703
SEN,2009,12581624
SEN,2010,12956791
SEN,2011,13357003
SEN,2012,13780108
SEN,2013,14221041
SEN,2014,14672557
SRB,2002,7496522
SRB,2003,7480591
SRB,2004,7463157
SRB,2005,7440769
SRB,2006,7411569
SRB,2007,7381579
SRB,2008,7350222
SRB,2009,7320807
SRB,2010,7291436
SRB,2011,7234099
SRB,2012,7199077
SRB,2013,7164132
SRB,2014,7130576
SYC,2002,83700
SYC,2003,82800
SYC,2004,82500
SYC,2005,82900
SYC,2006,84600
SYC,2007,85033
SYC,2008,86956
SYC,2009,87298
SYC,2010,89770
SYC,2011,87441
SYC,2012,88303
SYC,2013,89900
SYC,2014,91400
SLE,2002,4422154
SLE,2003,4647701
SLE,2004,4870467
SLE,2005,5071271
SLE,2006,5243214
SLE,2007,5391108
SLE,2008,5521838
SLE,2009,5647194
SLE,2010,5775902
SLE,2011,5908908
SLE,2012,6043157
SLE,2013,6178859
SLE,2014,6315627
SGP,2002,4175950
SGP,2003,4114826
SGP,2004,4166664
SGP,2005,4265762
SGP,2006,4401365
SGP,2007,4588599
SGP,2008,4839396
SGP,2009,4987573
SGP,2010,5076732
SGP,2011,5183688
SGP,2012,5312437
SGP,2013,5399162
SGP,2014,5469724
SVN,2002,1994530
SVN,2003,1995733
SVN,2004,1997012
SVN,2005,2000474
SVN,2006,2006868
SVN,2007,2018122
SVN,2008,2021316
SVN,2009,2039669
SVN,2010,2048583
SVN,2011,2052843
SVN,2012,2057159
SVN,2013,2059953
SVN,2014,2061980
SLB,2002,434893
SLB,2003,446352
SLB,2004,457841
SLB,2005,469306
SLB,2006,480716
SLB,2007,492075
SLB,2008,503410
SLB,2009,514767
SLB,2010,526177
SLB,2011,537648
SLB,2012,549162
SLB,2013,560685
SLB,2014,572171
SOM,2002,7827203
SOM,2003,8039104
SOM,2004,8251054
SOM,2005,8466938
SOM,2006,8686939
SOM,2007,8909015
SOM,2008,9132589
SOM,2009,9356827
SOM,2010,9581714
SOM,2011,9806670
SOM,2012,10033630
SOM,2013,10268157
SOM,2014,10517569
ZAF,2002,45448096.07
ZAF,2003,46034026.23
ZAF,2004,46641102.97
ZAF,2005,47270062.72
ZAF,2006,47921682.32
ZAF,2007,48596781.01
ZAF,2008,49296222.56
ZAF,2009,50020917.52
ZAF,2010,50771825.58
ZAF,2011,51549958.08
ZAF,2012,52356380.68
ZAF,2013,53192216.14
ZAF,2014,54058647.34
SSD,2002,7233237
SSD,2003,7499695
SSD,2004,7784488
SSD,2005,8099908
SSD,2006,8445659
SSD,2007,8815495
SSD,2008,9208598
SSD,2009,9623176
SSD,2010,10056475
SSD,2011,10510122
SSD,2012,10980623
SSD,2013,11453810
SSD,2014,11911184
LKA,2002,18939000
LKA,2003,19083000
LKA,2004,19227000
LKA,2005,19373000
LKA,2006,19520000
LKA,2007,19668000
LKA,2008,19817000
LKA,2009,19967000
LKA,2010,20118000
LKA,2011,20270000
LKA,2012,20424000
LKA,2013,20579000
LKA,2014,20771000
KNA,2002,46935
KNA,2003,47681
KNA,2004,48424
KNA,2005,49139
KNA,2006,49818
KNA,2007,50465
KNA,2008,51093
KNA,2009,51717
KNA,2010,52352
KNA,2011,52998
KNA,2012,53650
KNA,2013,54301
KNA,2014,54944
LCA,2002,160218
LCA,2003,161767
LCA,2004,163462
LCA,2005,165407
LCA,2006,167656
LCA,2007,170146
LCA,2008,172729
LCA,2009,175196
LCA,2010,177397
LCA,2011,179278
LCA,2012,180890
LCA,2013,182305
LCA,2014,183645
VCT,2002,108150
VCT,2003,108354
VCT,2004,108563
VCT,2005,108749
VCT,2006,108908
VCT,2007,109049
VCT,2008,109165
VCT,2009,109255
VCT,2010,109316
VCT,2011,109341
VCT,2012,109334
VCT,2013,109327
VCT,2014,109360
SDN,2002,29569978
SDN,2003,30365586
SDN,2004,31176209
SDN,2005,31990003
SDN,2006,32809056
SDN,2007,33637960
SDN,2008,34470138
SDN,2009,35297298
SDN,2010,36114885
SDN,2011,36918193
SDN,2012,37712420
SDN,2013,38515095
SDN,2014,39350274
SUR,2002,486271
SUR,2003,487641
SUR,2004,489312
SUR,2005,491999
SUR,2006,495953
SUR,2007,500953
SUR,2008,506657
SUR,2009,512522
SUR,2010,518141
SUR,2011,523439
SUR,2012,528535
SUR,2013,533450
SUR,2014,538248
SWZ,2002,1082195
SWZ,2003,1087949
SWZ,2004,1094775
SWZ,2005,1104642
SWZ,2006,1118204
SWZ,2007,1134853
SWZ,2008,1153750
SWZ,2009,1173529
SWZ,2010,1193148
SWZ,2011,1212458
SWZ,2012,1231694
SWZ,2013,1250641
SWZ,2014,1269112
SYR,2002,16997521
SYR,2003,17304339
SYR,2004,17671913
SYR,2005,18132842
SYR,2006,18728200
SYR,2007,19425597
SYR,2008,20097057
SYR,2009,20566871
SYR,2010,20720602
SYR,2011,20501167
SYR,2012,19978756
SYR,2013,19322593
SYR,2014,18772481
TJK,2002,6406518
TJK,2003,6532871
TJK,2004,6666628
TJK,2005,6805655
TJK,2006,6949566
TJK,2007,7099021
TJK,2008,7254072
TJK,2009,7414960
TJK,2010,7581696
TJK,2011,7753925
TJK,2012,7930929
TJK,2013,8111894
TJK,2014,8295840
TZA,2002,35855480
TZA,2003,36866228
TZA,2004,37935334
TZA,2005,39065600
TZA,2006,40260847
TZA,2007,41522004
TZA,2008,42844744
TZA,2009,44222113
TZA,2010,45648525
TZA,2011,47122998
TZA,2012,48645709
TZA,2013,50213457
TZA,2014,51822621
THA,2002,64136669
THA,2003,64817254
THA,2004,65404522
THA,2005,65863973
THA,2006,66174486
THA,2007,66353572
THA,2008,66453255
THA,2009,66548197
THA,2010,66692024
THA,2011,66902958
THA,2012,67164130
THA,2013,67451422
THA,2014,67725979
TLS,2002,894837
TLS,2003,929431
TLS,2004,962634
TLS,2005,979201
TLS,2006,996052
TLS,2007,1013194
TLS,2008,1030630
TLS,2009,1048367
TLS,2010,1066409
TLS,2011,1120392
TLS,2012,1148958
TLS,2013,1180069
TLS,2014,1212107
TGO,2002,5142419
TGO,2003,5283246
TGO,2004,5428552
TGO,2005,5578219
TGO,2006,5732175
TGO,2007,5890414
TGO,2008,6052937
TGO,2009,6219761
TGO,2010,6390851
TGO,2011,6566179
TGO,2012,6745581
TGO,2013,6928719
TGO,2014,7115163
TON,2002,99005
TON,2003,99606
TON,2004,100226
TON,2005,100858
TON,2006,101507
TON,2007,102169
TON,2008,102816
TON,2009,103416
TON,2010,103947
TON,2011,104392
TON,2012,104769
TON,2013,105139
TON,2014,105586
TTO,2002,1277840
TTO,2003,1284052
TTO,2004,1290535
TTO,2005,1296933
TTO,2006,1303141
TTO,2007,1309260
TTO,2008,1315372
TTO,2009,1321624
TTO,2010,1328095
TTO,2011,1334790
TTO,2012,1341579
TTO,2013,1348240
TTO,2014,1354483
TUN,2002,9748900
TUN,2003,9839800
TUN,2004,9932400
TUN,2005,10029000
TUN,2006,10127900
TUN,2007,10225100
TUN,2008,10328900
TUN,2009,10439600
TUN,2010,10547100
TUN,2011,10673800
TUN,2012,10777500
TUN,2013,10886500
TUN,2014,10996600
TUR,2002,65125766
TUR,2003,66060121
TUR,2004,66973561
TUR,2005,67860617
TUR,2006,68704721
TUR,2007,69515492
TUR,2008,70344357
TUR,2009,71261307
TUR,2010,72310416
TUR,2011,73517002
TUR,2012,74849187
TUR,2013,76223639
TUR,2014,77523788
TKM,2002,4600172
TKM,2003,4648036
TKM,2004,4696876
TKM,2005,4747839
TKM,2006,4801594
TKM,2007,4858235
TKM,2008,4917541
TKM,2009,4978960
TKM,2010,5041995
TKM,2011,5106672
TKM,2012,5172941
TKM,2013,5240088
TKM,2014,5307188
TCA,2002,21740
TCA,2003,23412
TCA,2004,25025
TCA,2005,26450
TCA,2006,27642
TCA,2007,28638
TCA,2008,29481
TCA,2009,30247
TCA,2010,30993
TCA,2011,31727
TCA,2012,32430
TCA,2013,33103
TCA,2014,33740
TUV,2002,9530
TUV,2003,9590
TUV,2004,9646
TUV,2005,9694
TUV,2006,9732
TUV,2007,9764
TUV,2008,9788
TUV,2009,9808
TUV,2010,9827
TUV,2011,9844
TUV,2012,9860
TUV,2013,9876
TUV,2014,9893
UGA,2002,25355794
UGA,2003,26217760
UGA,2004,27114742
UGA,2005,28042413
UGA,2006,29000925
UGA,2007,29991958
UGA,2008,31014427
UGA,2009,32067125
UGA,2010,33149417
UGA,2011,34260342
UGA,2012,35400620
UGA,2013,36573387
UGA,2014,37782971
UKR,2002,48202500
UKR,2003,47812950
UKR,2004,47451600
UKR,2005,47105150
UKR,2006,46787750
UKR,2007,46509350
UKR,2008,46258200
UKR,2009,46053300
UKR,2010,45870700
UKR,2011,45706100
UKR,2012,45593300
UKR,2013,45489600
UKR,2014,45362900
ARE,2002,3394060
ARE,2003,3625798
ARE,2004,3975945
ARE,2005,4481976
ARE,2006,5171255
ARE,2007,6010100
ARE,2008,6900142
ARE,2009,7705423
ARE,2010,8329453
ARE,2011,8734722
ARE,2012,8952542
ARE,2013,9039978
ARE,2014,9086139
URY,2002,3327770
URY,2003,3325637
URY,2004,3324096
URY,2005,3325608
URY,2006,3331041
URY,2007,3339750
URY,2008,3350832
URY,2009,3362761
URY,2010,3374414
URY,2011,3385610
URY,2012,3396753
URY,2013,3407969
URY,2014,3419516
UZB,2002,25271850
UZB,2003,25567650
UZB,2004,25864350
UZB,2005,26167000
UZB,2006,26488250
UZB,2007,26868000
UZB,2008,27302800
UZB,2009,27767400
UZB,2010,28562400
UZB,2011,29339400
UZB,2012,29774500
UZB,2013,30243200
UZB,2014,30757700
VUT,2002,193957
VUT,2003,198963
VUT,2004,204144
VUT,2005,209375
VUT,2006,214635
VUT,2007,219956
VUT,2008,225335
VUT,2009,230782
VUT,2010,236299
VUT,2011,241876
VUT,2012,247498
VUT,2013,253165
VUT,2014,258883
VEN,2002,25399143
VEN,2003,25857553
VEN,2004,26314483
VEN,2005,26769115
VEN,2006,27221228
VEN,2007,27670659
VEN,2008,28116716
VEN,2009,28558607
VEN,2010,28995745
VEN,2011,29427631
VEN,2012,29854238
VEN,2013,30276045
VEN,2014,30693827
VNM,2002,79537700
VNM,2003,80467400
VNM,2004,81436400
VNM,2005,82392100
VNM,2006,83311200
VNM,2007,84218500
VNM,2008,85118700
VNM,2009,86025000
VNM,2010,86932500
VNM,2011,87860300
VNM,2012,88809200
VNM,2013,89759500
VNM,2014,90728900
PSE,2002,3075373
PSE,2003,3154969
PSE,2004,3236626
PSE,2005,3320396
PSE,2006,3406334
PSE,2007,3494496
PSE,2008,3596688
PSE,2009,3702218
PSE,2010,3811102
PSE,2011,3927051
PSE,2012,4046901
PSE,2013,4169506
PSE,2014,4294682
YEM,2002,18832097
YEM,2003,19374012
YEM,2004,19931617
YEM,2005,20504385
YEM,2006,21093973
YEM,2007,21701105
YEM,2008,22322699
YEM,2009,22954226
YEM,2010,23591972
YEM,2011,24234940
YEM,2012,24882792
YEM,2013,25533217
YEM,2014,26183676
ZMB,2002,11139978
ZMB,2003,11426006
ZMB,2004,11725635
ZMB,2005,12043591
ZMB,2006,12381509
ZMB,2007,12738676
ZMB,2008,13114579
ZMB,2009,13507849
ZMB,2010,13917439
ZMB,2011,14343526
ZMB,2012,14786581
ZMB,2013,15246086
ZMB,2014,15721343
ZWE,2002,12691431
ZWE,2003,12774162
ZWE,2004,12867828
ZWE,2005,12984418
ZWE,2006,13127942
ZWE,2007,13297798
ZWE,2008,13495462
ZWE,2009,13720997
ZWE,2010,13973897
ZWE,2011,14255592
ZWE,2012,14565482
ZWE,2013,14898092
ZWE,2014,15245855
